{"graph": {"_type": "graph-file", "sha256": "d5ccdab4bad7972685ca8eb7d2b503c5f8b1e9e99ad221418ec45ecd48be4996", "size": 2948, "path": "media/graph/graph_summary_d5ccdab4bad7972685ca.graph.json"}, "lr": 0.0005025706486776471, "optim.decay": 0.0, "optim.beta_1": 0.8999999761581421, "optim.beta_2": 0.9990000128746033, "optim.epsilon": 1e-07, "_timestamp": 1740542741.6824465, "epoch": 19, "loss": 0.8285660147666931, "mean_squared_error": 0.7386484742164612, "mean_absolute_error": 0.6914710402488708, "mean_absolute_percentage_error": 328489024.0, "val_loss": 0.9626591801643372, "val_mean_squared_error": 0.8722891807556152, "val_mean_absolute_error": 0.8261640071868896, "val_mean_absolute_percentage_error": 335632160.0, "_runtime": 2185.8308424949646, "_step": 39, "best_val_loss": 0.940369725227356, "best_epoch": 15, "val_1_mean_squared_error": 0.37992286682128906, "val_1_mean_absolute_error": 0.5971842408180237, "val_1_mean_absolute_percentage_error": 597184064.0, "val_2_mean_squared_error": 1.504108190536499, "val_2_mean_absolute_error": 1.1199983358383179, "val_2_mean_absolute_percentage_error": 53.62059783935547, "val_3_mean_squared_error": 1.478110671043396, "val_3_mean_absolute_error": 1.1131172180175781, "val_3_mean_absolute_percentage_error": 53.43650817871094, "val_4_mean_squared_error": 0.3632366955280304, "val_4_mean_absolute_error": 0.5832818150520325, "val_4_mean_absolute_percentage_error": 583281792.0, "val_5_mean_squared_error": 1.601583480834961, "val_5_mean_absolute_error": 1.1706581115722656, "val_5_mean_absolute_percentage_error": 53.17791748046875, "val_6_mean_squared_error": 1.8077367544174194, "val_6_mean_absolute_error": 1.2647180557250977, "val_6_mean_absolute_percentage_error": 60.31840515136719, "val_7_mean_squared_error": 0.4591031074523926, "val_7_mean_absolute_error": 0.6495222449302673, "val_7_mean_absolute_percentage_error": 649522496.0, "val_8_mean_squared_error": 1.9324069023132324, "val_8_mean_absolute_error": 1.3129677772521973, "val_8_mean_absolute_percentage_error": 54.20988845825195, "val_9_mean_squared_error": 2.043572187423706, "val_9_mean_absolute_error": 1.3724873065948486, "val_9_mean_absolute_percentage_error": 61.472877502441406, "val_10_mean_squared_error": 0.39167851209640503, "val_10_mean_absolute_error": 0.5993211269378662, "val_10_mean_absolute_percentage_error": 599321024.0, "val_11_mean_squared_error": 2.2920846939086914, "val_11_mean_absolute_error": 1.441730260848999, "val_11_mean_absolute_percentage_error": 57.191566467285156, "val_12_mean_squared_error": 2.296279191970825, "val_12_mean_absolute_error": 1.4533063173294067, "val_12_mean_absolute_percentage_error": 62.84628677368164, "val_13_mean_squared_error": 0.3910452127456665, "val_13_mean_absolute_error": 0.5983026623725891, "val_13_mean_absolute_percentage_error": 598302592.0, "val_14_mean_squared_error": 2.1180214881896973, "val_14_mean_absolute_error": 1.3786593675613403, "val_14_mean_absolute_percentage_error": 55.38481903076172, "val_15_mean_squared_error": 2.2115638256073, "val_15_mean_absolute_error": 1.4248980283737183, "val_15_mean_absolute_percentage_error": 62.93115997314453, "val_*_mean_squared_error_gm": 1.1278892141583903, "val_*_mean_absolute_error_gm": 1.007022520448281, "val_*_mean_absolute_percentage_error_gm": 12576.00838117921, "_wandb": {"runtime": 2190}}